Task ID, Task Name                           , SDLC Phase       , Category      , Priority, Status     , % Complete, Assigned To, Start Date, End Date  , Duration (days), Predecessor, Description                                                                                                                                                                                          , Acceptance Criteria                                                            , Criteria Met, Deliverable                                               , Submitted, Comments / Notes                                                             , Risk Level, Linked Bug ID
   1   , PHASE 1: PLANNING & REQUIREMENTS    , 1 - Planning     ,               ,         ,            , 100%      ,            , 2026-01-15, 2026-02-16, 32d            ,            ,                                                                                                                                                                                                      ,                                                                                , TRUE        ,                                                           , TRUE     ,                                                                              ,           , 
   1.1 , Tech Stack Analysis & Decision      , 1 - Planning     , Architecture  , Critical, Complete   , 100%      , Team       , 2026-01-15, 2026-01-20, 5d             ,            , "Selected modern full-stack architecture: React 18, TypeScript, Vite (frontend), Supabase (PostgreSQL + Auth), Netlify (hosting + functions), shadcn/ui components, Tailwind CSS styling."           , "Stack supports authentication, database, hosting, and UI requirements"        , TRUE        , "React 18, TypeScript, Vite, Supabase, Netlify"           , TRUE     , Modern full-stack architecture selected for scalability and performance      , Low       , 
   1.2 , Database Architecture Design        , 1 - Planning     , Architecture  , Critical, Complete   , 100%      , Team       , 2026-01-20, 2026-01-25, 5d             ,        1.1 , "Designed Supabase PostgreSQL schema with user management, authentication tables, learning progress tracking, and business model canvas data storage. Implemented Row Level Security (RLS) policies.", Database schema supports all application features with proper security         , TRUE        , "Supabase PostgreSQL schema, RLS policies"                , TRUE     , User management and authentication schema with secure data access            , Low       , 
   1.3 , Authentication Strategy             , 1 - Planning     , Security      , Critical, Complete   , 100%      , Team       , 2026-01-25, 2026-02-01, 7d             ,        1.2 , "Planned Supabase Auth integration with email/password authentication, OAuth providers (Google, GitHub), JWT token management, protected routes, and session persistence."                           , "Authentication supports multiple login methods with secure session management", TRUE        , "Supabase Auth, OAuth providers, JWT tokens"              , TRUE     , Secure authentication system with multiple provider support                  , Low       , 
   1.4 , Site Architecture & Routing         , 1 - Planning     , Architecture  , High    , Complete   , 100%      , Team       , 2026-02-01, 2026-02-05, 4d             ,        1.3 , "Defined client-side routing structure using Wouter: public marketing pages, protected portal routes, authentication guards, and user dashboard navigation."                                         , All pages accessible with proper route protection                              , TRUE        , "Wouter routing, protected routes, marketing pages"       , TRUE     , Client-side routing structure supports both public and private content       , Low       , 
   1.5 , UI Component System Planning        , 1 - Planning     , Design        , High    , Complete   , 100%      , Team       , 2026-02-05, 2026-02-08, 3d             ,        1.4 , "Selected shadcn/ui component library with Tailwind CSS design system. Planned consistent UI framework with reusable components, responsive design, and dark mode support."                          , UI system provides consistent design across all pages                          , TRUE        , "shadcn/ui components, Tailwind CSS design system"        , TRUE     , Professional UI framework with comprehensive component library               , Low       , 
   1.6 , Content Management Strategy         , 1 - Planning     , Content       , Medium  , In Progress, 75%       , Team       , 2026-02-08, 2026-02-20, 12d            ,        1.5 , "Planning digital academy content structure: learning paths, business model canvas templates, assessment tools, progress tracking, and educational content organization."                            , Content structure supports learning objectives and user progression            ,             , "Digital academy content structure, learning paths"       ,          , Educational content organization and learning path development               , Medium    , 
   1.7 , Git Workflow & CI/CD Strategy       , 1 - Planning     , DevOps        , Medium  , Complete   , 100%      , Team       , 2026-02-10, 2026-02-12, 2d             ,            , "Established three-branch workflow: main (production), staging (pre-production), development (feature work). Configured GitHub Actions CI/CD pipeline with automated testing and deployment."        , Professional development workflow with automated deployments                   , TRUE        , Three-branch workflow (main/staging/development)          , TRUE     , Professional development workflow with proper release management             , Low       , 
   1.8 , SDLC Project Tracker Creation       , 1 - Planning     , Management    , Medium  , Complete   , 100%      , Team       , 2026-02-16, 2026-02-16, 1d             ,        1.7 , "Created comprehensive Smartsheet tracker with 56+ tasks across 7 development phases, progress tracking, dependency management, and deliverable documentation."                                      , Project management system tracks all development activities                    , TRUE        , Smartsheet tracker with project phases                    , TRUE     , Comprehensive project management system established                          , Low       , 
   1.9 , CI/CD Automation Pipeline Setup     , 1 - Planning     , DevOps        , Critical, Complete   , 100%      , Team       , 2026-02-16, 2026-02-16, 1d             ,        1.7 , "Built comprehensive GitHub Actions CI/CD automation: PR auto-review with TypeScript/build checks, auto-approval on success, auto-merge to staging branch, intelligent labeling, PR description generation, code quality analysis, security scanning, and error detection testing. Includes 40+ automation scripts and 9 documentation files."                                                , "CI/CD pipeline automatically reviews, approves, and merges PRs when all checks pass", TRUE        , "GitHub Actions workflows, automation scripts, CI/CD docs", TRUE     , Full automation from PR creation to staging merge with 100% test coverage    , Low       , 
   1.10, Branch Deploy Context Configuration , 1 - Planning     , DevOps        , High    , Complete   , 100%      , Keenan     , 2026-02-18, 2026-02-18, 1d             ,        1.9 , "Configured netlify.toml branch deploy contexts for staging and development: VITE_ENABLE_LOGIN=true set for staging and development contexts. Enabled branch deploys in Netlify dashboard (Site configuration > Branches and deploy contexts). Staging accessible at staging--edmecaacademy.netlify.app."                                                                                   , "Staging and development branches deploy automatically with correct env vars"  , TRUE        , "netlify.toml branch contexts, Netlify dashboard config" , TRUE     , Branch deploy contexts ensure environment-specific behaviour across all branches , Low       , 
   2   , PHASE 2: DESIGN                     , 2 - Design       ,               ,         ,            , 25%       ,            , 2026-02-12, 2026-03-15, 31d            ,            ,                                                                                                                                                                                                      ,                                                                                ,             ,                                                           , TRUE     ,                                                                              ,           , 
   2.1 , Design System & Brand Guidelines    , 2 - Design       , UI/UX         , High    , In Progress, 75%       , Keenan     , 2026-02-12, 2026-02-25, 13d            ,        1.5 , "Developing EDMECA brand identity integration: color palette, typography system, component design guidelines, logo usage, and visual hierarchy standards. Updated Feb 18: hero heading, subtitle, badge text colour (black), Who We Serve subtitle, South African testimonials (Naledi Mokoena, Sipho Ndlovu, Dr. Zanele Mthembu), header logo size increased h-10 to h-14, light mode set as default."                                           , Consistent brand application across all digital touchpoints                    ,             , "Color palette, typography, component guidelines"         ,          , EDMECA brand identity integration with professional design standards         , Low       , 
   2.2 , Landing Page Wireframes             , 2 - Design       , UI/UX         , High    , Not Started, 0%        , Team       , 2026-02-20, 2026-02-28, 8d             ,        2.1 , "Create homepage wireframes and user experience design: hero section layout, feature showcase positioning, call-to-action placement, and conversion optimization."                                   , Homepage design supports user engagement and conversion goals                  ,             , "Hero section, feature showcase, CTA placement"           ,          , Homepage user experience design focused on engagement and conversions        , Medium    , 
   2.3 , Portal Dashboard Design             , 2 - Design       , UI/UX         , High    , Not Started, 0%        , Team       , 2026-02-25, 2026-03-05, 8d             ,        2.2 , "Design learning portal interface: dashboard layout, tool navigation system, user profile section, progress tracking displays, and learning path visualization."                                     , Dashboard provides clear navigation and progress visibility                    ,             , "Dashboard layout, tool navigation, user profile"         ,          , Learning portal interface design for optimal user experience                 , Medium    , 
   2.4 , Learning Tools Interface Design     , 2 - Design       , UI/UX         , High    , Not Started, 0%        , Team       , 2026-03-01, 2026-03-10, 9d             ,        2.3 , "Design interactive learning tool interfaces: Business Model Canvas tool, assessment forms, progress tracking visualizations, and interactive workshop elements."                                    , Learning tools are intuitive and support educational objectives                ,             , "BMC tool, assessment forms, progress tracking"           ,          , Interactive learning tool designs focused on user engagement                 , High      , 
   2.5 , Mobile Responsive Design            , 2 - Design       , UI/UX         , High    , Not Started, 0%        , Team       , 2026-03-05, 2026-03-15, 10d            ,        2.4 , "Create mobile-first responsive design system: breakpoint strategy, touch-friendly interfaces, mobile navigation patterns, and cross-device compatibility."                                          , All features work seamlessly across desktop                                    , tablet      , and mobile devices                                        ,          , "Mobile-first responsive breakpoints, layouts"                               ,           , Cross-device compatibility design ensuring optimal mobile experience, Medium, 
   2.6 , Accessibility Design Guidelines     , 2 - Design       , Accessibility , Medium  , Not Started, 0%        , Team       , 2026-03-10, 2026-03-15, 5d             ,        2.5 , "Establish WCAG 2.1 AA compliant design patterns: color contrast standards, keyboard navigation support, screen reader compatibility, and inclusive design principles."                              , Design system meets accessibility standards for all users                      ,             , "WCAG 2.1 AA compliant design patterns"                   ,          , Inclusive design implementation ensuring accessibility for all users         , Low       , 
   3   , PHASE 3: DEVELOPMENT                , 3 - Development  ,               ,         ,            , 36%       ,            , 2026-02-12, 2026-03-25, 41d            ,            ,                                                                                                                                                                                                      ,                                                                                , TRUE        ,                                                           , TRUE     ,                                                                              ,           , 
   3.1 , Project Setup & Environment         , 3 - Development  , Setup         , Critical, Complete   , 100%      , Team       , 2026-02-12, 2026-02-14, 2d             ,        1.1 , "Configured development environment: Vite build system, TypeScript configuration, ESLint/Prettier setup, development server, and build process optimization."                                        , Development environment supports efficient coding and building                 , TRUE        , "Vite config, TypeScript setup, development server"       , TRUE     , Professional development environment with modern tooling                     , Low       , 
   3.2 , Authentication System Implementation, 3 - Development  , Security      , Critical, Complete   , 100%      , Keenan     , 2026-02-14, 2026-02-19, 5d             ,        3.1 , "Implemented full Supabase authentication stack: login/signup forms with email/password, Google OAuth integration (Client ID: 802905823132-.apps.googleusercontent.com), signInWithOAuth with dynamic redirectTo URL (window.location.origin/portal), real Google G icon on login page, session management, and error handling. Resend SMTP configured (smtp.resend.com:465) using verified edmeca.co.za domain. Email templates branded with EdMeCa logo (Supabase Storage) and primary colour (#1f3a6e)."                                               , Users can register                                                             , login       , and manage accounts securely                              , TRUE     , "Login/signup, OAuth integration, session management"                        , TRUE      , Comprehensive authentication system with multiple login options     , Low   , 
   3.3 , Protected Routing System            , 3 - Development  , Security      , High    , Complete   , 100%      , Team       , 2026-02-15, 2026-02-16, 1d             ,        3.2 , "Built route protection system: ProtectedRoute component, authentication guards, automatic redirects, and unauthorized access prevention."                                                           , Protected routes require authentication and redirect appropriately             , TRUE        , "ProtectedRoute component, authentication guards"         , TRUE     , Secure route protection ensuring proper access control                       , Low       , 
   3.4 , User Dashboard Development          , 3 - Development  , Frontend      , High    , In Progress, 25%       , Team       , 2026-02-16, 2026-02-25, 9d             ,        3.3 , "Developing portal entry point: dashboard layout, user profile display, navigation menu, learning progress overview, and quick access to tools."                                                     , Dashboard provides clear overview and easy access to all features              ,             , "Dashboard layout, user profile, navigation menu"         ,          , Portal entry point development with user-focused design                      , Medium    , 
   3.5 , Marketing Pages Development         , 3 - Development  , Frontend      , High    , Not Started, 0%        , Team       , 2026-02-20, 2026-03-05, 13d            ,        2.2 , "Build public-facing content pages: homepage, about us, services overview, contact information, frameworks explanation, and call-to-action sections."                                                , Marketing pages effectively communicate value proposition and drive conversions,             , "Home, About, Services, Contact, Frameworks pages"        ,          , Public-facing content pages focused on user acquisition                      , Medium    , 
   3.6 , Business Model Canvas Tool          , 3 - Development  , Frontend      , Critical, Not Started, 0%        , Team       , 2026-02-25, 2026-03-15, 18d            ,        3.4 , "Develop core learning tool: interactive BMC interface, drag-and-drop functionality, save/load capabilities, collaboration features, and export options."                                            , BMC tool supports interactive business planning and saves user progress        ,             , "Interactive BMC interface, save/load functionality"      ,          , Core educational tool providing interactive business model development       , High      , 
   3.7 , Contact Form & Communication        , 3 - Development  , Frontend      , High    , Not Started, 0%        , Team       , 2026-03-01, 2026-03-08, 7d             ,        3.5 , "Implement communication features: contact forms with validation, email integration, inquiry routing, and automated responses."                                                                      , Users can successfully contact the business through multiple channels          ,             , "Contact forms, email integration"                        ,          , Professional communication system for user inquiries                         , Low       , 
   3.8 , User Profile Management             , 3 - Development  , Frontend      , Medium  , Not Started, 0%        , Team       , 2026-03-05, 2026-03-12, 7d             ,        3.4 , "Build user account management: profile editing, preferences settings, progress tracking, learning history, and account security options."                                                           , Users can manage their profiles and track learning progress                    ,             , "Profile editing, preferences, progress tracking"         ,          , Comprehensive user account management system                                 , Medium    , 
   3.9 , Data Persistence Layer              , 3 - Development  , Backend       , High    , Not Started, 0%        , Team       , 2026-03-08, 2026-03-18, 10d            ,        3.6 , "Implement database interactions: Supabase queries, real-time subscriptions, Row Level Security implementation, and data synchronization."                                                           , All application data is properly stored and secured in the database            ,             , "Supabase queries, real-time subscriptions, RLS"          ,          , Robust database interaction layer ensuring data integrity                    , Medium    , 
   3.10, Error Handling & Loading States     , 3 - Development  , Frontend      , Medium  , Not Started, 0%        , Team       , 2026-03-10, 2026-03-20, 10d            ,        3.9 , "Enhance user experience: error boundaries, loading spinners, retry logic, offline handling, and user feedback systems."                                                                             , Application handles errors gracefully and provides clear user feedback         ,             , "Error boundaries, loading spinners, retry logic"         ,          , Professional user experience with comprehensive error handling               , Low       , 
   3.11, Theme System & Dark Mode            , 3 - Development  , Frontend      , Low     , Not Started, 0%        , Team       , 2026-03-15, 2026-03-25, 10d            ,        3.10, "Implement visual customization: theme provider setup, dark/light mode toggle, theme persistence, and consistent styling across modes."                                                              , Users can customize their visual experience with persistent theme preferences  ,             , "Theme provider, dark/light mode toggle, persistence"     ,          , Visual customization features enhancing user preference options              , Low       , 
   3.12, Login Button Environment Toggle      , 3 - Development  , Security      , High    , Complete   , 100%      , Keenan     , 2026-02-18, 2026-02-19, 2d             ,        3.2 , "Environment-based login button: VITE_ENABLE_LOGIN env var controls behaviour. Production: button renders as disabled element with no anchor wrapper - no navigation. Staging/dev: renders as <a href=/login> anchor link. Implemented in Header.tsx with conditional render. netlify.toml staging and development contexts set VITE_ENABLE_LOGIN=true. Explicit [context.production] block added 2026-02-19 with VITE_ENABLE_LOGIN=false to ensure production login stays disabled regardless of dashboard variable changes. .env.local set to true for local dev."                , "Disabled button on prod cannot navigate; active on staging/dev"               , TRUE        , "Header.tsx conditional render, netlify.toml env contexts", TRUE     , Explicit production context added as safeguard - auth testing on staging only  , Low       , 
   3.13, Email Integration & Templates        , 3 - Development  , Backend       , High    , Complete   , 100%      , Keenan     , 2026-02-18, 2026-02-19, 2d             ,        3.2 , "Resend transactional email: account created, edmeca.co.za domain verified (DKIM TXT resend._domainkey, SPF TXT send, MX send priority 10 to feedback-smtp.eu-west-1.amazonses.com). API key stored in .env.local (not tracked in version control). Supabase SMTP: smtp.resend.com:465 username=resend. Gmail SMTP rejected (Google Workspace admin restriction - config reloader error). 3 email templates customised: Confirm Signup, Reset Password, Magic Link - all with logo from Supabase Storage (publiclogos/logo.png), #1f3a6e primary button, Info@edmeca.co.za footer. DMARC TXT _dmarc record added for deliverability (test email landed in spam without it).", "Branded confirmation email sent from Info@edmeca.co.za via Resend"            , TRUE        , "Resend account, DNS records, SMTP config, email templates", TRUE     , Gmail SMTP not viable for Workspace accounts without admin SMTP relay config  , Low       , BUG-001 BUG-002
   3.14, Google OAuth Configuration           , 3 - Development  , Security      , Critical, In Progress, 75%       , Keenan     , 2026-02-18, 2026-02-19, 2d             ,        3.2 , "Google OAuth configured in Supabase: credentials provided by supervisor Raymond Crow (stored securely in .env.local and Supabase dashboard - not tracked in version control). OAuth project: gen-lang-client-0996272869. Redirect URI: supabase callback URL. JS origins: staging site + Supabase URL. Supabase redirect URL set to staging/portal. Code: signInWithOAuth passes dynamic redirectTo using window.location.origin, Mail icon replaced with real Google SVG G icon in Login.tsx. PENDING: Supervisor to update OAuth consent screen app name to EdMeCa Academy and publish app (currently shows dqvdnyxkkletgkkpicdg.supabase.co).", "Google OAuth opens consent screen and redirects to /portal on success"         ,             , "Supabase Google provider, redirectTo, Google icon"       ,          , OAuth working on staging - consent screen app name pending supervisor update  , Medium    , BUG-003
   3.15, BMC Tool Integration into Portal    , 3 - Development  , Feature Development, High, Complete   , 100%      , Keenan     , 2026-02-19, 2026-02-19, 1d             ,        3.6 , "Integrated BMC tool from separate EDMECA-BMC-main codebase into the portal. Adapted apiRequest to Supabase (writes to artifacts table). Added portal breadcrumb nav (‚Üê Dashboard / Business Model Canvas). Removed framework placeholder cards from Frameworks.tsx. Installed file-saver for Word document export. Tool is auth-gated via ProtectedRoute at /portal/tools/bmc.", "BMC tool accessible only to authenticated users at /portal/tools/bmc, saves to Supabase artifacts table, Word export works", TRUE , "BMCTool.tsx in portal, file-saver installed, Frameworks.tsx cleaned" , TRUE     , BMC tool fully integrated and pushed to main/staging/development - commit 2906e0d , Low       , 
   4   , PHASE 4: TESTING                    , 4 - Testing      ,               ,         ,            , 11%       ,            , 2026-03-18, 2026-04-15, 28d            ,            ,                                                                                                                                                                                                      ,                                                                                , TRUE        ,                                                           , TRUE     ,                                                                              ,           , 
   4.1 , Authentication Flow Testing         , 4 - Testing      , Security      , Critical, Complete   , 100%      , Team       , 2026-02-16, 2026-02-16, 1d             ,        3.2 , "Comprehensive authentication testing: login/logout flows, protected route access, session persistence, OAuth provider integration, and security validation."                                        , All authentication scenarios work correctly and securely                       , TRUE        , "Login, logout, protected routes, session persistence"    , TRUE     , Authentication system thoroughly validated for security and functionality    , Low       , 
   4.2 , Component Unit Testing              , 4 - Testing      , Quality       , High    , Not Started, 0%        , Team       , 2026-03-18, 2026-03-25, 7d             ,        3.11, "Individual component testing using Jest/Vitest and React Testing Library: component rendering, user interactions, prop handling, and state management."                                             , All components function correctly in isolation                                 ,             , "Jest/Vitest tests, React Testing Library"                ,          , Comprehensive unit testing ensuring component reliability                    , Medium    , 
   4.3 , Integration Testing                 , 4 - Testing      , Quality       , High    , Not Started, 0%        , Team       , 2026-03-20, 2026-03-28, 8d             ,        4.2 , "End-to-end functionality testing: API integration, user workflows, data flow, authentication integration, and feature interactions."                                                                , All integrated features work together seamlessly                               ,             , "API integration, user workflows, data flow"              ,          , Integration testing validating complete user journeys                        , High      , 
   4.4 , Cross-Browser Compatibility         , 4 - Testing      , Compatibility , High    , Not Started, 0%        , Team       , 2026-03-25, 2026-04-01, 7d             ,        4.3 , "Browser compatibility validation: Chrome, Firefox, Safari, Edge testing across different versions and operating systems."                                                                           , Application works consistently across all major browsers                       ,             , "Chrome, Firefox, Safari, Edge testing"                   ,          , Cross-browser testing ensuring wide compatibility                            , Medium    , 
   4.5 , Mobile Responsiveness Testing       , 4 - Testing      , Compatibility , High    , Not Started, 0%        , Team       , 2026-03-28, 2026-04-03, 6d             ,        4.4 , "Mobile device compatibility testing: iOS/Android devices, various screen sizes, touch interactions, and mobile-specific functionality."                                                             , Application provides optimal experience on all mobile devices                  ,             , "iOS/Android, screen sizes, touch interactions"           ,          , Mobile compatibility testing ensuring excellent mobile experience            , High      , 
   4.6 , Performance Testing (Lighthouse)    , 4 - Testing      , Performance   , High    , Not Started, 0%        , Team       , 2026-04-01, 2026-04-05, 4d             ,        4.5 , "Performance benchmarking using Google Lighthouse: Core Web Vitals measurement, loading performance optimization, and performance score improvement."                                                , Application achieves excellent performance scores across all metrics           ,             , "Core Web Vitals, loading performance, optimization"      ,          , Performance optimization ensuring fast loading and smooth interactions       , Medium    , 
   4.7 , Accessibility Testing (WCAG 2.1 AA) , 4 - Testing      , Accessibility , High    , Not Started, 0%        , Team       , 2026-04-03, 2026-04-08, 5d             ,        4.6 , "Accessibility compliance validation: screen reader compatibility, keyboard navigation, color contrast ratios, and WCAG 2.1 AA standards."                                                           , Application is fully accessible to users with disabilities                     ,             , "Screen readers, keyboard navigation, contrast ratios"    ,          , Accessibility testing ensuring inclusive user experience                     , Medium    , 
   4.8 , Security Testing                    , 4 - Testing      , Security      , Critical, Not Started, 0%        , Team       , 2026-04-05, 2026-04-10, 5d             ,        4.7 , "Security vulnerability assessment: authentication security, data protection, XSS prevention, CSRF protection, and secure data transmission."                                                        , Application is secure against common vulnerabilities and attacks               ,             , "Authentication security, data protection, XSS prevention",          , Comprehensive security testing ensuring data protection                      , High      , 
   4.9 , User Acceptance Testing             , 4 - Testing      , Quality       , High    , Not Started, 0%        , Team       , 2026-04-08, 2026-04-15, 7d             ,        4.8 , "Real user validation: beta testing with target users, usability testing, feedback collection, and user experience validation."                                                                      , Application meets user needs and provides excellent user experience            ,             , "Beta testing, user feedback, usability testing"          ,          , User validation ensuring application meets real-world needs                  , Medium    , 
   5   , PHASE 5: DEPLOYMENT                 , 5 - Deployment   ,               ,         ,            , 43%       ,            , 2026-04-10, 2026-04-20, 10d            ,            ,                                                                                                                                                                                                      ,                                                                                , TRUE        ,                                                           , TRUE     ,                                                                              ,           , 
   5.1 , Netlify Account & Configuration     , 5 - Deployment   , Infrastructure, High    , Complete   , 100%      , Team       , 2026-02-12, 2026-02-12, 1d             ,        3.1 , "Configured hosting platform: Netlify account setup, build settings configuration, environment variables management, and deployment pipeline creation."                                              , Hosting platform ready for automated deployments                               , TRUE        , "Netlify account, build settings, environment variables"  , TRUE     , Professional hosting platform configured with automated deployment           , Low       , 
   5.2 , Environment Variables Setup         , 5 - Deployment   , Security      , Critical, Complete   , 100%      , Team       , 2026-02-14, 2026-02-14, 1d             ,        5.1 , "Secure configuration management: Supabase API keys, authentication secrets, production environment configuration, and sensitive data protection."                                                   , All environment variables properly configured and secured                      , TRUE        , "Supabase keys, production environment config"            , TRUE     , Secure configuration management protecting sensitive application data        , Low       , 
   5.3 , CI/CD Pipeline Configuration        , 5 - Deployment   , DevOps        , High    , Complete   , 100%      , Team       , 2026-02-15, 2026-02-16, 1d             ,        5.2 , "Automated deployment pipeline: GitHub Actions configuration, automated testing integration, build automation, and deployment triggers."                                                             , Code changes automatically trigger testing and deployment                      , TRUE        , "GitHub Actions, automated testing, deployment"           , TRUE     , Professional CI/CD pipeline ensuring reliable deployments                    , Low       , 
   5.4 , Staging Environment Setup           , 5 - Deployment   , Infrastructure, High    , Complete   , 100%      , Keenan     , 2026-02-18, 2026-02-18, 1d             ,        5.3 , "Staging environment fully configured: netlify.toml branch deploy contexts added for staging (VITE_ENABLE_LOGIN=true) and development. Netlify dashboard configured to deploy staging branch as branch deploy. Staging URL: staging--edmecaacademy.netlify.app verified live and accessible. All 3 branches (main/staging/development) synced and deploying correctly."                                , Staging environment mirrors production and deploys from staging branch         , TRUE        , "staging--edmecaacademy.netlify.app, branch deploy config", TRUE     , Completed ahead of schedule - staging live and verified Feb 18               , Low       , 
   5.5 , Custom Domain Configuration         , 5 - Deployment   , Infrastructure, Medium  , Complete   , 100%      , Keenan     , 2026-02-16, 2026-02-17, 2d             ,        5.4 , "Production domain fully configured: edmeca.co.za (primary) and www.edmeca.co.za (redirect) mapped to Netlify. DNS at IT-Guru Online: A record 75.2.60.5, CNAME www to edmecaacademy.netlify.app. SSL Let's Encrypt provisioned after removing old Replit TXT verification records. CDN purge function deployed. All cross-browser tests passing (Chromium, Firefox, WebKit)."                   , "Production site accessible at edmeca.co.za with valid SSL"                   , TRUE        , "edmeca.co.za, SSL cert, DNS records, CDN purge function" , TRUE     , Completed ahead of schedule - SSL fixed by removing old Replit TXT records  , Low       , 
   5.6 , Production Deployment               , 5 - Deployment   , Release       , Critical, Not Started, 0%        , Team       , 2026-04-15, 2026-04-20, 5d             ,        5.5 , "Live site deployment: production build deployment, monitoring setup, rollback plan preparation, and go-live execution."                                                                             , Application successfully deployed and accessible to users                      ,             , "Live site deployment, monitoring setup, rollback plan"   ,          , Production deployment with comprehensive monitoring and rollback capabilities, High      , 
   5.7 , Database Migration & Seeding        , 5 - Deployment   , Database      , High    , Not Started, 0%        , Team       , 2026-04-18, 2026-04-20, 2d             ,        5.6 , "Production data setup: database schema deployment, initial data migration, user data setup, and production database configuration."                                                                 , Production database fully configured with initial data                         ,             , "Production database setup, initial data migration"       ,          , Production database setup ensuring data integrity and performance            , Medium    , 
   6   , PHASE 6: DOCUMENTATION              , 6 - Documentation,               ,         ,            , 0%        ,            , 2026-04-20, 2026-05-10, 20d            ,            ,                                                                                                                                                                                                      ,                                                                                ,             ,                                                           , TRUE     ,                                                                              ,           , 
   6.1 , Technical Documentation             , 6 - Documentation, Technical     , High    , Not Started, 0%        , Team       , 2026-04-20, 2026-05-01, 11d            ,        5.7 , "Comprehensive developer documentation: API documentation, component documentation, deployment guides, and technical specifications."                                                                , Developers can understand and maintain the system                              ,             , "API docs, component docs, deployment guides"             ,          , Developer-focused documentation ensuring long-term maintainability           , Medium    , 
   6.2 , User Guide & Help System            , 6 - Documentation, User          , Medium  , Not Started, 0%        , Team       , 2026-04-22, 2026-05-03, 11d            ,        6.1 , "End-user documentation: user manual creation, tutorial content development, FAQ section, and help system implementation."                                                                           , Users can effectively use all application features                             ,             , "User manual, tutorial content, FAQ section"              ,          , User-focused documentation supporting effective application usage            , Low       , 
   6.3 , Admin Documentation                 , 6 - Documentation, Administrative, Medium  , Not Started, 0%        , Team       , 2026-04-25, 2026-05-05, 10d            ,        6.2 , "Administrative procedures: content management guides, user administration procedures, and analytics configuration documentation."                                                                   , Administrators can effectively manage the system                               ,             , "Content management, user administration, analytics"      ,          , Administrative documentation enabling effective system management            , Low       , 
   6.4 , Maintenance Procedures              , 6 - Documentation, Operations    , Medium  , Not Started, 0%        , Team       , 2026-04-28, 2026-05-08, 10d            ,        6.3 , "Operational documentation: backup procedures, update processes, troubleshooting guides, and maintenance schedules."                                                                                 , System can be properly maintained and supported                                ,             , "Backup procedures, update processes, troubleshooting"    ,          , Operational documentation ensuring system reliability and maintenance        , Medium    , 
   6.5 , Security Documentation              , 6 - Documentation, Security      , High    , Not Started, 0%        , Team       , 2026-05-01, 2026-05-10, 9d             ,        6.4 , "Security procedures: security policies, incident response procedures, audit trails, and compliance documentation."                                                                                  , Security procedures are documented and followed                                ,             , "Security policies, incident response, audit trails"      ,          , Security documentation ensuring proper security management                   , High      , 
   7   , PHASE 7: MAINTENANCE                , 7 - Maintenance  ,               ,         ,            , 0%        ,            , 2026-05-08, 2026-12-31, 237d           ,            ,                                                                                                                                                                                                      ,                                                                                ,             ,                                                           , TRUE     ,                                                                              ,           , 
   7.1 , Performance Monitoring Setup        , 7 - Maintenance  , Operations    , High    , Not Started, 0%        , Team       , 2026-05-08, 2026-05-15, 7d             ,        6.5 , "Ongoing performance tracking: analytics integration, performance monitoring setup, alert configuration, and dashboard creation."                                                                    , System performance is continuously monitored and optimized                     ,             , "Analytics integration, performance monitoring, alerts"   ,          , Continuous performance monitoring ensuring optimal user experience           , Medium    , 
   7.2 , Content Management System           , 7 - Maintenance  , Content       , Medium  , Not Started, 0%        , Team       , 2026-05-10, 2026-05-20, 10d            ,        7.1 , "Content administration tools: content update procedures, learning material management, and publishing workflows."                                                                                   , Content can be efficiently updated and managed                                 ,             , "Content updates, learning material management"           ,          , Professional content management enabling easy updates                        , Low       , 
   7.3 , User Feedback System                , 7 - Maintenance  , Quality       , Medium  , Not Started, 0%        , Team       , 2026-05-12, 2026-05-22, 10d            ,        7.2 , "Continuous improvement system: feedback collection mechanisms, improvement suggestion handling, and rating system implementation."                                                                  , User feedback drives continuous improvement                                    ,             , "Feedback collection, improvement suggestions, ratings"   ,          , User feedback system enabling continuous quality improvement                 , Low       , 
   7.4 , SEO Optimization                    , 7 - Maintenance  , Marketing     , Medium  , Not Started, 0%        , Team       , 2026-05-15, 2026-05-25, 10d            ,        7.3 , "Search visibility improvements: meta tag optimization, sitemap generation, search optimization strategies, and analytics integration."                                                              , Site achieves excellent search engine visibility                               ,             , "Meta tags, sitemap, search optimization, analytics"      ,          , SEO optimization ensuring maximum search visibility and organic traffic      , Medium    , 
   7.5 , Regular Security Audits             , 7 - Maintenance  , Security      , High    , Not Started, 0%        , Team       , 2026-05-20, 2026-12-31, 225d           ,        7.4 , "Ongoing security maintenance: monthly security reviews, vulnerability scanning, security update implementation, and compliance monitoring."                                                         , System security is maintained at highest standards                             ,             , "Security reviews, vulnerability scans"                   ,          , Ongoing security maintenance ensuring continuous protection                  , High      , 
   7.6 , Feature Enhancement Planning        , 7 - Maintenance  , Development   , Medium  , Not Started, 0%        , Team       , 2026-05-25, 2026-12-31, 220d           ,        7.5 , "Continuous feature development: user feature requests analysis, roadmap planning, update implementation, and feature rollout management."                                                           , Application continuously evolves to meet user needs                            ,             , "Feature requests, roadmap planning, updates"             ,          , Continuous development ensuring application evolution and user satisfaction  , Medium    , 
   7.7 , Training Content Updates            , 7 - Maintenance  , Content       , High    , Not Started, 0%        , Team       , 2026-05-30, 2026-12-31, 215d           ,        7.6 , "Educational content management: learning material updates, new course development, assessment creation, and content quality assurance."                                                             , Educational content remains current and valuable                               ,             , "Learning material updates, new courses, assessments"     ,          , Ongoing educational content development ensuring learning value              , High      , 
   7.8 , Analytics & Reporting               , 7 - Maintenance  , Analysis      , Medium  , Not Started, 0%        , Team       , 2026-06-01, 2026-12-31, 213d           ,        7.7 , "Data-driven improvements: usage analytics analysis, learning progress reporting, insight generation, and optimization recommendations."                                                             , Data insights drive continuous improvement and optimization                    ,             , "Usage analytics, progress reports, insights"             ,          , Analytics-driven optimization ensuring maximum effectiveness and user value  , Medium    , 